"통계분류(1)",통계분류(2),2016,2016,2016,2016,2016,2016,2016,2016,2016,2016,2016,2016,2016,2016,2016,2016,2016,2016,2016,2016,2016,2016,2016,2018,2018,2018,2018,2018,2018,2018,2018,2018,2018,2018,2018,2018,2018,2018,2018,2018,2018,2018,2018,2018,2018,2018,2019,2019,2019,2019,2019,2019,2019,2019,2019,2019,2019,2019,2019,2019,2019,2019,2019,2019,2019,2019,2019,2019,2020,2020,2020,2020,2020,2020,2020,2020,2020,2020,2020,2020,2020,2020,2020,2020,2020,2020,2020,2020,2020,2020,2020,2021,2021,2021,2021,2021,2021,2021,2021,2021,2021,2021,2021,2021,2021,2021,2021,2021,2021,2021,2021,2021,2021,2022,2022,2022,2022,2022,2022,2022,2022,2022,2022,2022,2022,2022,2022,2022,2022,2022,2022,2022,2022,2022,2022,2022
"통계분류(1)",통계분류(2),표본수,등산,인터넷 검색/영상편집,게임,반려동물 돌보기,쇼핑/외식,원예,음주,낚시,독서,생활공예,요리하기,어학/기술/자격증 취득 공부,미용,겜블,만화 보기,홈페이지/블로그관리,노래방가기,바둑/장기/체스,수집활동,인테리어,테마카페체험,보드게임/퍼즐/큐브 맞추기,표본수,등산,인터넷 검색/영상편집,게임,반려동물 돌보기,쇼핑/외식,원예,음주,낚시,독서,생활공예,요리하기,어학/기술/자격증 취득 공부,미용,겜블,만화 보기,홈페이지/블로그관리,노래방가기,바둑/장기/체스,수집활동,인테리어,테마카페체험,보드게임/퍼즐/큐브 맞추기,표본수,등산,인터넷 검색/영상편집,게임,반려동물 돌보기,쇼핑/외식,원예,음주,낚시,독서,생활공예,요리하기,어학/기술/자격증 취득 공부,미용,겜블,만화 보기,홈페이지/블로그관리,노래방가기,바둑/장기/체스,수집활동,인테리어,보드게임/퍼즐/큐브 맞추기,표본수,등산,인터넷 검색/영상편집,게임,반려동물 돌보기,쇼핑/외식,원예,음주,낚시,독서,생활공예,요리하기,어학/기술/자격증 취득 공부,미용,겜블,만화 보기,홈페이지/블로그관리,노래방가기,바둑/장기/체스,수집활동,인테리어,테마카페체험,보드게임/퍼즐/큐브 맞추기,표본수,등산,인터넷 검색/영상편집,게임,반려동물 돌보기,쇼핑/외식,원예,음주,낚시,독서,생활공예,요리하기,어학/기술/자격증 취득 공부,미용,겜블,만화 보기,홈페이지/블로그관리,노래방가기,바둑/장기/체스,수집활동,인테리어,보드게임/퍼즐/큐브 맞추기,표본수,등산,인터넷 검색/영상편집,게임,반려동물 돌보기,쇼핑/외식,원예,음주,낚시,독서,생활공예,요리하기,어학/기술/자격증 취득 공부,미용,겜블,만화 보기,홈페이지/블로그관리,노래방가기,바둑/장기/체스,수집활동,인테리어,테마카페체험,보드게임/퍼즐/큐브 맞추기
"전체",소계,4621,9.1,4.4,4.1,0.6,0.9,0,1.4,2.3,1.4,1.1,0.3,1.9,0.5,0.6,0,0.2,0.2,1,0.1,0.1,0,0.1,5013,7.8,1.4,3.5,1.2,1.9,1.2,0.8,3.3,0.8,0.9,0.6,2.1,0.6,0.4,0,0.1,0.2,0.7,0,0.1,0.1,0.1,4811,9.2,4.7,4,1.9,1.3,1.6,1,1.8,1.6,0.5,0.5,0.7,0.7,0.1,0.5,0.2,0.1,0.3,0,0,0,4401,6.4,6.8,5.2,1.9,1.1,1.2,1.1,2.4,2,0.9,0.9,0.8,0.6,0.4,0.4,0.1,0.1,0.7,0.1,0.1,0.1,0.2,3540,7.8,5.1,5.2,2.8,1.4,1.2,0.7,2.9,2.2,1.1,0.7,1.2,0.9,0.2,0.7,0.1,0.3,0.8,0.1,0.2,0.1,3926,5.6,4.9,4.6,3.3,2.2,2.1,1.7,1.5,1.5,0.8,0.8,0.6,0.6,0.5,0.4,0.2,0.2,0.2,0.1,-,-,-
"성별",남성,2385,12,4.1,5.8,0.3,0.4,0,2.2,4.3,1,0,0,1.7,0.1,0.4,0,0.2,0.1,1.7,0.2,0.1,0,0.1,2565,11.3,0.9,5.4,0.5,1,0.3,1.2,6.1,0.6,0.1,0.1,2.5,0.1,0.4,0,0.1,0.2,1.4,0,0,0.1,0,2473,11.1,4.4,6.7,1.6,0.7,0.9,1.8,3.2,1.6,-,0.2,0.9,0,0.1,0.5,0.2,0.1,0.5,0,0,0,2367,7.7,6.1,7.7,0.9,0.8,0.7,1.7,4,1.2,0,0.2,0.3,0.1,0.5,0.2,0.1,0.1,1.2,0.1,0.1,0,0.2,1952,9.4,4.6,8.1,1.6,1,0.6,1,4.5,1.8,0.1,0.2,1.2,0,0.1,0.6,0.1,0.3,1.5,0,0.1,0,1985,7.8,4.8,6.8,1.6,1.4,0.9,3,2.7,1,-,0.1,0.3,0.1,0.5,0.2,0.2,0.2,0.3,0.1,0.1,-,-
"성별",여성,2236,5.7,4.7,2.2,0.9,1.4,0,0.4,0.1,1.8,2.2,0.6,2.2,1,0.9,0,0.3,0.3,0.1,0,0.2,0,0,2448,4.2,1.9,1.6,2,2.8,2,0.5,0.3,1.1,1.7,1.1,1.7,1.1,0.3,0,0.1,0.3,0,0,0.1,0,0.2,2338,7.3,5,1.2,2.1,2,2.2,0.2,0.4,1.5,1.1,0.7,0.4,1.4,0.2,0.6,0.2,0.1,0,-,0,0,2034,4.8,7.7,2.2,3.1,1.5,1.9,0.4,0.4,2.8,2,1.7,1.3,1.2,0.3,0.6,0.2,0.2,0.1,0,0.1,0.1,0.1,1588,5.8,5.8,1.6,4.2,1.9,1.9,0.3,0.9,2.8,2.3,1.4,1.2,2,0.4,0.9,0.2,0.3,0,0.1,0.3,0.2,1941,3.2,5,2.3,5.2,3.1,3.4,0.4,0.3,2.1,1.6,1.5,0.9,1.1,0.5,0.5,0.3,0.2,-,-,-,-,-
"연령별",15~19세,365,0,13.7,14,0.6,1.3,0,0.9,0.4,2.5,0,0,11.1,0.2,0,0,1,0.7,0,0.1,0,0,0.3,297,0.2,5.7,18.5,0,0.7,0,0,0,2.7,0.8,0,8.6,0.2,0,0,0,0.4,0.4,0,0,0,0.3,266,-,8.3,18.2,0.7,0.5,-,0.2,-,0.7,-,-,0.8,-,-,4.5,-,0.9,-,-,-,0.3,297,0.7,11.9,20.8,2.4,0.5,-,-,0.3,3.5,0.7,0.5,3.8,0.7,-,2.5,0.3,0.7,0.3,-,-,-,0.3,210,0.2,7,17.2,3.5,2.1,-,-,1,2.3,-,-,6.2,-,-,3.5,-,1.9,-,-,1.1,-,160,-,5.8,19.8,4.5,-,-,-,-,1.5,1,-,1.8,-,-,4.1,-,3.3,-,-,-,-,-
"연령별",20대,722,1.1,8.2,7.3,0.6,1.1,0,0.6,0.4,2,0.5,0.2,4.4,0.9,0,0,0.8,0.3,0.4,0.1,0,0,0,680,0.2,1.4,9.2,1,1.8,0,0.5,0.2,2.7,0.6,0.3,7.6,0.7,0,0,0.3,0.8,0,0,0,0.2,0,710,0,9.5,9.8,4.9,0.5,0.3,0.7,0.4,2.9,0.1,0.5,2.2,1.1,-,1.5,0.7,0.3,-,-,-,0.2,751,1.2,8.1,13.1,3.7,0.5,0.6,1,0.4,2.4,0.5,1,2.1,0.4,0.3,0.9,0.2,0.3,-,0,-,0.2,0.4,657,0.4,7.4,10.1,5,2.6,-,0.4,0.3,3.2,0.8,0.6,1.6,0.9,-,1.2,0.3,0.3,-,0.2,0.4,0.4,576,1.6,6.8,9.3,3.8,1.1,-,1.4,0.7,1.1,0.2,-,1.5,0.2,-,0.7,1.3,0.5,-,-,-,0.2,-
"연령별",30대,790,3.2,8.2,5.2,0.5,1.1,0,1.4,1.8,1.5,0.9,0.4,1.3,0.6,0.1,0,0,0.3,0,0,0,0,0,778,1.1,2.5,4.1,1.8,1.5,0.5,1.6,2.5,0.7,0.5,0.7,1.1,0.3,0,0,0.1,0,0,0,0.1,0,0,785,0.2,8.2,6.8,1.9,1.9,0.8,0.8,2,1.9,1.9,1.1,0.1,1.1,-,0.2,0.4,-,-,-,-,-,767,1.5,9.5,6.7,1.5,2,0.2,1.2,2,2.3,1.2,1,0.1,0.4,-,0.2,0.3,0.1,0.4,-,0.3,0.1,0.3,582,2.7,8.1,9.1,3.1,2,-,0.6,2.7,2.5,0.9,0.8,1.2,1.3,0.1,0.6,0.4,0.1,-,-,0.2,0.1,606,0.8,8.2,8.9,2.9,3.4,0.4,1.6,1.3,2.2,0.4,0.1,0.8,0.4,0.1,0.3,-,-,-,0.3,0.1,-,-
"연령별",40대,971,8.9,1.8,3,0.5,1,0,1.8,4,1.3,1.8,0.4,0.5,0.5,0.1,0,0,0,0.4,0.1,0.4,0,0.2,1068,8.8,1.3,1.6,0.6,2.8,0.9,0.7,3,0.3,1.4,1,0.9,0.6,0.3,0,0,0,0.1,0,0,0.1,0,955,9.5,4.6,1.8,1.3,2.7,0.5,1.2,1.8,2.2,0.7,0.1,0.3,0.8,-,0.2,-,0,-,0.1,0,-,882,5,8.5,1.9,1.4,0.9,1.1,1.4,3.3,2.4,1.5,0.7,0.4,0.8,0.2,0.3,-,-,0.1,0.2,0.1,-,-,643,7.6,5.2,3.1,1.9,1.6,0.5,0.4,5,2.6,1.8,0.5,0.5,1.3,0.2,0.7,0.1,-,0.3,0.1,-,-,683,3.7,5.6,3.4,4,2.6,0.8,1.3,1.4,1.3,1.6,0.9,0.1,0.9,0.3,0.2,-,-,-,-,-,-,-
"연령별",50대,899,17.6,1.1,1.4,0.5,0.3,0,1.9,3.8,1,1.6,0.1,0,0.6,0.2,0,0.1,0,1.4,0.1,0.2,0,0,1020,16.1,0.4,0.8,0.8,1.6,1.5,0.6,6.2,0.2,1.1,0.6,0.6,0.4,0.2,0,0.1,0,1.1,0,0.2,0,0,936,21.3,1.9,0.4,0.9,0.8,0.9,1.4,3.8,0.3,0.3,0.4,1,0.3,-,-,-,0.1,0.4,-,0,-,840,11.1,6.2,0.7,2,1.1,1.1,1.4,3.5,1.4,0.7,1.5,0.1,0.3,0.2,-,0.2,-,1,0,-,-,0.2,713,13.7,3.1,1.5,1.9,0.4,1.3,1.3,3.2,2,2,1.2,0.9,1,-,0.4,-,-,0.5,0.1,-,-,769,8.2,3.3,0.7,4.4,2,1.7,2.5,2.8,2.3,1.4,0.9,0.4,0.5,0.5,-,0.2,0.1,-,-,0.1,-,-
"연령별",60대,518,20.4,0,1.1,0.6,0.5,0,1.3,2.4,0.5,0.6,0.4,0.3,0,0.9,0,0,0.2,2.8,0,0,0,0,687,15.8,0.4,0,1.4,1.8,1.5,1.2,4.9,0.2,0.7,0.2,0,1.7,0.6,0,0,0,2.4,0,0,0,0.1,643,20.6,1.5,0.4,1.5,1.4,2.1,1.1,2.4,1.2,0.1,0.8,0.1,0.5,0.1,-,-,0.1,0.3,-,-,-,538,14.5,1.7,0.1,1.2,1.4,3.3,1.1,3.6,0.8,1,0.3,0.2,1.4,0.2,-,-,-,1.7,-,-,-,-,454,17.4,3.3,0.2,1.5,0.2,4.1,0.6,4.9,1.6,0.2,0.5,0.7,0.1,0.8,-,0.1,0.5,2.3,-,-,-,687,13.9,3.3,0.7,2,1.9,5.7,1.8,2.2,0.9,0.4,1.2,0.4,0.8,0.6,0.1,-,-,0.4,-,-,-,0.1
"연령별",70세이상,356,11,0,0,1,1.4,0,0.5,0.9,1.6,0.9,0.3,0.8,0.1,6.3,0,0,0,3.4,1.3,0,0,0,483,4.5,0.2,0,3.1,2.4,4.3,0.5,3.7,0.4,0.4,0.3,0.1,0.1,2,0,0,0.7,1.3,0,0,0,0.5,516,3.1,-,0.3,1.3,0.3,7.5,1.1,0.3,1.1,0.1,-,0.3,0.5,1.1,-,-,-,1.3,-,-,-,326,10.3,0.7,1.1,1.1,1.4,3.3,0.4,1.8,1.5,-,0.6,0.5,0.2,2.8,-,-,-,2.3,0.2,-,-,-,281,10.3,0.4,0.2,2.2,0.6,3.6,1.9,1.3,0.3,0.5,1.3,0.2,0.6,0.9,-,-,0.5,5.1,-,-,0.2,445,5.8,0.5,0.6,1.8,3.3,6.2,2.1,0.6,1,-,2,-,0.9,2.3,-,-,-,1,-,-,-,-
"학력별",초졸 이하,346,5.1,5.4,3.9,1.4,1.3,0,0.6,0.4,1.9,0.5,0.6,3.5,0.1,5.8,0,0,0,1.8,0,0,0,0,294,4.3,1,1.8,5,1.4,4.8,1,3.8,0.9,0.6,0,1,0,3.1,0,0,0,2.4,0,0,0,0.4,437,5,1.3,2.9,0.7,0.6,8.2,0.6,1,0.2,0.1,0.3,0.5,0.6,1.6,0.3,-,0.3,0.1,-,-,-,318,5.5,2.9,6,1.9,0.9,4.9,0,1.8,2.3,0.5,0.8,1,1.5,2.7,0.2,0,0,0.6,0.2,0,0,0,234,9.3,3.6,3.6,4.3,0.4,3.8,2.3,1,0.2,1,1.5,-,0.6,2.6,0.6,-,0.7,2.5,-,-,0.3,297,4.6,0.9,4,1.5,3.5,7.7,2.3,1.5,0.5,-,0.9,0.6,0.5,2.8,0.7,-,0.9,1.3,-,-,-,-
"학력별",중졸,538,11.3,4.9,5.3,0.8,1.7,0,0.7,1.2,1.5,0.1,0.4,5.2,0.2,1,0,0.5,0.5,1.9,0.1,0.1,0,0.2,603,4.6,1.4,6.3,1.7,1.2,2.1,0.5,1.4,1.2,0.8,0.1,3.5,0.6,0.5,0,0,0.2,1,0,0,0,0.6,502,12.5,3.4,6.6,1.8,0.6,2.5,0.9,1.3,0.6,-,0.2,-,0.1,-,1.9,-,0.2,1.2,-,-,-,411,8.7,5.8,8.9,1.4,1.3,1.4,1,1.8,2.1,0.9,0.5,1.8,0.4,0.6,1.3,0.2,0.5,1.4,0,0,0,0.2,325,10,3.4,7.1,1.9,0.7,3,0.3,2.4,1.2,1.1,0.9,3.5,-,-,1.8,-,0.4,2.2,-,-,-,382,5.7,2.6,6.7,2.2,1,5.5,2,1.7,0.9,0.9,0.6,0.4,0.6,1.3,1.5,-,0.5,0.3,-,-,-,-
"학력별",고졸,1834,10.8,3.8,4.9,0.5,0.5,0,1.5,3,1.4,1.3,0.1,1.2,0.4,0.2,0,0.2,0.2,1.1,0.3,0.2,0,0,2125,10.2,1.3,4.4,1.1,2.7,1.2,1,4,0.9,0.9,0.8,2.4,0.7,0.2,0,0.1,0.2,0.6,0,0.1,0,0,1921,11.8,4.6,4.4,2.3,1.6,1,1.5,2.2,0.8,0.4,0.4,0.8,0.8,0,0.6,0,0,0.1,-,0,0,1695,7.7,6.6,5.3,2.3,1.3,1.3,1.5,3.2,1.7,0.8,1.3,0.7,0.4,0.3,0.4,0.1,0.2,1,0,0,0,0.1,1308,8.3,5.5,6.6,3.3,1.9,1.1,0.7,3.7,2.1,1.1,0.9,1.1,1,0.2,0.6,0.1,0.4,0.9,0.1,0.2,-,1479,6.7,4.5,4.2,4.2,2.1,2.2,2.2,1.6,1.5,1.2,1.3,0.4,0.9,0.3,0.2,0.4,0.2,0.1,-,0.1,0.1,0.1
"학력별",대졸이상,1903,7.6,4.6,3.2,0.4,1,0,1.5,2.3,1.3,1.1,0.3,1.6,0.7,0.2,0,0.2,0.1,0.6,0,0.1,0,0.1,1991,6.5,1.5,2.1,0.8,1.4,0.4,0.7,3,0.7,0.9,0.5,1.5,0.5,0.2,0,0.1,0.2,0.6,0,0.1,0.1,0,1951,6.8,5.6,3.2,1.7,1.3,0.5,0.7,1.7,2.8,0.9,0.6,0.8,0.7,-,0.2,0.4,0.2,0.2,0,0,0.1,1977,5,7.9,4.3,1.7,1,0.6,1,1.8,2.1,1.1,0.6,0.6,0.6,0.1,0.3,0.2,0,0.3,0.1,0.2,0.1,0.2,1673,6.9,5.3,4,2.3,1.2,0.6,0.6,2.5,2.8,1,0.5,1.1,0.9,0,0.6,0.2,0.2,0.4,0.1,0.2,0.2,1768,4.8,6,4.6,3.1,2.4,0.8,1.2,1.5,1.7,0.5,0.3,0.8,0.3,0.2,0.2,0.2,0.1,0.1,0.1,-,-,-
"동거가구원수별",1인,385,8.6,2,2.7,1.2,1.3,0,0.7,2,0.8,0.7,0.5,1.3,0.6,3.2,0,0.2,0,0.7,0,0.2,0,0,1040,7.1,0.7,2.2,3.3,2.3,3.2,0.9,3.4,0.6,0.7,0.2,1.2,0.4,0.9,0,0,0,1.1,0,0,0.2,0.3,814,8.4,4.4,4.5,1.6,0.9,2.4,2,1.9,0.5,0,0.9,1,0.9,0.3,1.1,-,0.2,0.3,-,0.1,-,732,6,7.6,5.1,3,1.8,1.8,1.1,3.2,1.9,0.5,0.6,0.6,1,1,0.1,0.2,-,0.5,0.4,-,-,-,645,6.8,4.3,5.4,2.4,1.1,1.2,0.9,2.1,2.5,1.3,0.9,1.4,0.9,0.6,0.6,1,0.4,0.8,0.1,-,0.2,666,3.3,3.4,5.6,4,1.5,4,3,1.2,0.6,0.1,0.4,0.3,0.6,0.8,0.1,-,-,0.7,0.1,0.2,-,-
"동거가구원수별",2인,918,14.8,1.2,1.6,1,0.9,0,1.2,2.5,1.2,0.8,0.4,0.6,0.3,2.3,0,0,0.1,2.2,0.2,0,0,0,947,8.5,1.3,0.7,2.8,2,1.7,0.9,3.5,0.3,0.9,0.2,0.1,0.2,0.8,0,0.1,0,1.1,0,0.1,0,0.1,1287,11.4,2.5,2.4,2,1.3,2.8,1.3,2.4,0.8,0.2,0.5,0.3,0.4,0.5,0,-,0,0.6,-,-,-,1047,9.6,4.5,2.5,1.3,1.1,3,0.8,2.8,1.4,1,0.8,0.3,1.2,1,0.4,-,-,1.5,-,-,0.1,0.3,882,11,4.6,3.7,2.9,1.3,2.2,1.2,3.8,1,0.8,0.6,0.7,0.5,0.3,0.1,-,0.3,1.6,0.1,-,-,1153,7.4,2.8,2.3,3.9,2.1,3.4,2.4,2.5,1.5,0.7,1.2,0.5,1,0.2,0.3,-,0.1,0.2,-,0.1,-,0.1
"동거가구원수별",3인이상,3318,8.1,5,4.6,0.5,0.9,0,1.4,2.3,1.5,1.1,0.3,2.2,0.5,0.3,0,0.3,0.2,0.7,0.1,0.1,0,0.1,3026,7.7,1.5,4.3,0.6,1.9,0.8,0.8,3.2,1,0.9,0.7,2.6,0.7,0.2,0,0.1,0.3,0.6,0,0.1,0,0,2710,8.6,5.5,4.5,1.9,1.4,1,0.8,1.6,2,0.7,0.4,0.8,0.8,-,0.6,0.3,0.2,0.1,0,0,0.1,2622,5.5,7.4,6,2,1.1,0.7,1.2,2.2,2.1,0.9,0.9,0.9,0.4,0.2,0.4,0.2,0.1,0.5,0,0.1,0.1,0.2,2013,6.8,5.5,5.7,2.8,1.5,0.8,0.5,2.7,2.7,1.1,0.7,1.4,1,0.1,1,0,0.3,0.6,0.1,0.3,0.1,2107,5.2,5.7,5.3,3.1,2.3,1.5,1.4,1.2,1.6,0.9,0.6,0.7,0.5,0.6,0.4,0.3,0.3,0.1,0.1,-,-,-
"혼인상태별",미혼,1328,1.2,9.8,9.3,0.6,1,0,0.7,0.7,2.1,0.3,0.2,5.9,0.6,0,0,0.7,0.6,0.2,0.1,0,0,0.1,1395,0.4,2.7,10,0.5,1.7,0,1,0.5,2.2,0.5,0.2,6.2,0.5,0.1,0,0.2,0.5,0.1,0,0.1,0.1,0.1,1366,0.9,8.6,11.1,3.5,1.1,0.2,1.1,0.8,2.1,0.1,0.8,1.5,0.9,-,1.8,0.4,0.4,0,-,-,0.1,1478,1.9,8.9,14.1,3.1,0.7,0.3,1.1,1.2,2.6,0.7,0.4,1.9,0.4,0.1,1,0.2,0.3,0.3,0.1,0,0.2,0.3,1201,1.9,6.4,12.2,3.8,2.2,0,0.5,1,3.1,0.9,0.5,2.4,0.5,0,1.4,0.3,0.5,-,0.2,0.4,0.3,1084,1.4,6.4,12,3.9,1.6,-,1.4,0.8,1.7,0.3,-,1.2,0.3,-,1.2,0.7,0.7,-,0.2,0.1,0.1,-
"혼인상태별",기혼,3015,12.2,2.3,2.1,0.5,0.7,0,1.7,3,1.2,1.4,0.3,0.3,0.5,0.6,0,0,0,1.3,0.2,0.2,0,0.1,2982,10.4,1,1.3,1.1,2,1.2,0.7,4.4,0.3,1,0.6,0.6,0.7,0.4,0,0.1,0.1,0.9,0,0.1,0,0,2918,12.5,3.4,1.5,1.3,1.3,1.6,1,2.3,1.5,0.8,0.3,0.3,0.5,0.2,0.1,0.1,0.1,0.4,0,0,-,2491,8.5,6.1,1.5,1.3,1.3,1.4,1.1,2.9,1.7,1,1.1,0.3,0.5,0.4,0.2,0.1,0,0.9,0,0.1,0,0.1,1997,11.2,4.6,1.6,2,0.9,1.5,0.9,3.9,1.8,1.2,0.9,0.4,1,0.2,0.4,0,0.1,1.2,0,0.1,-,2445,7.3,4.4,1.7,3.3,2.5,2.7,1.9,1.9,1.6,0.9,1,0.4,0.7,0.4,-,0.1,-,0.2,-,-,-,-
"혼인상태별",사별/이혼/기타,278,11.7,0.2,0.6,1.6,2.4,0,0.1,1.7,0.9,1.4,0.4,0.1,0.1,6.4,0,0,0,1.2,0,0,0,0,636,11.6,0.2,0.2,4.9,1.9,4.6,1.8,3,0.3,1,1.3,0.2,0.4,1,0,0,0,1.5,0,0,0,0.6,527,11.2,1.7,0.2,1.4,2.1,5.9,1,1.3,0.4,0.2,0.2,0.6,0.9,0.3,0.1,-,0.1,0.2,-,0.1,-,432,5.7,4.7,1.5,2.6,1.5,3.6,1.5,2,1.8,1.1,0.9,0.4,2.1,1.3,0,0,0,0.2,0.2,0,0,0,342,9.2,3.2,0.4,3.4,0.8,3.6,0.2,3.5,1.6,1.1,0.8,1.6,1.6,1.7,0.3,0.2,0.5,2.3,-,-,0.2,397,6.5,2.7,1.8,1.6,2.3,5.6,1.1,0.8,-,1.3,1.5,0.2,0.5,4.1,-,-,0.3,0.8,-,-,-,-
"가구주여부별",가구주,2106,14.9,2.5,2.8,0.5,0.4,0,2.3,4.8,1.1,0.4,0.1,0.5,0.1,0.7,0,0,0,2,0,0.1,0,0.1,2654,13.3,0.8,1.9,1.2,1.4,1,1.2,6.7,0.3,0.3,0.3,0.9,0.1,0.5,0,0.2,0.1,1.3,0,0,0.1,0.1,3138,12.1,3.3,3.5,1.1,1.3,1.8,1.7,2.9,1.4,0.2,0.3,0.6,0.4,0.1,0.3,0,0.1,0.5,0,0,0,2186,9.4,6.2,2.6,1.3,1.2,1.5,1.7,4,1.1,0.3,0.3,0.1,0.5,0.7,0,0,-,1.3,0.1,0.1,-,0.1,1804,11.7,4.1,3.8,1.7,0.9,1.3,1.3,4.8,1.8,0.4,0.3,0.9,0.3,0.3,0.4,0.3,0.3,1.8,0.1,0.1,0.1,2015,8.7,4.5,3,2.2,1.4,1.7,3.1,3,1,0.3,0.4,0.3,0.4,0.8,0.2,-,0.1,0.4,-,0.1,-,-
"가구주여부별",가구주 아님,2515,4.7,5.8,5.1,0.6,1.2,0,0.6,0.5,1.7,1.6,0.4,3,0.8,0.6,0,0.4,0.3,0.2,0.2,0.1,0,0,2359,3.1,1.9,4.9,1.2,2.4,1.3,0.5,0.4,1.3,1.3,0.8,3.1,1,0.2,0,0,0.3,0.2,0,0.1,0,0.1,1673,5.6,6.3,4.6,2.9,1.4,1.2,0.2,0.5,1.8,1,0.6,0.8,1,0.1,0.8,0.4,0.2,-,-,-,0,2215,3.9,7.3,7.3,2.4,1.1,1,0.6,1.1,2.7,1.4,1.4,1.3,0.7,0.1,0.7,0.2,0.2,0.2,-,0.1,0.1,0.3,1736,4.3,6.1,6.4,3.7,1.8,1,0.2,1.1,2.6,1.7,1.1,1.5,1.4,0.2,1,0,0.3,-,0.1,0.2,0.1,1911,3.1,5.1,5.9,4.3,2.9,2.4,0.6,0.4,1.9,1.2,1,0.9,0.8,0.2,0.5,0.4,0.4,-,0.1,-,-,-
"종사자지위별",상용근로자,0,0,0,0,0,0,0,0,0,0,0,0,0,0,0,0,0,0,0,0,0,0,0,0,0,0,0,0,0,0,0,0,0,0,0,0,0,0,0,0,0,0,0,0,0,0,1463,8.6,5.7,4.9,1.6,1.7,0.8,1.4,2.5,2.3,0.5,0.2,0.5,0.7,0,0.3,0.3,0.2,0.2,0.1,-,0.1,1434,5.7,8.3,5.3,1.2,0.7,0.9,1.6,2.8,1.9,0.4,0.3,0.2,0.5,0.3,0.1,0.1,-,0.5,0.1,0.1,-,0.1,1232,8.3,6,6.6,2.7,1.2,0.6,0.8,3.6,2.4,1,0.6,1.1,0.6,0.3,0.6,0.2,0.4,0.5,0.1,0.1,0.2,1325,5.7,5.7,5.2,3.5,1.7,0.5,2.3,1.7,1,0.3,0.2,0.6,0.3,0.5,0.2,0.3,0.2,-,0.1,-,-,0.1
"종사자지위별",임시근로자,0,0,0,0,0,0,0,0,0,0,0,0,0,0,0,0,0,0,0,0,0,0,0,0,0,0,0,0,0,0,0,0,0,0,0,0,0,0,0,0,0,0,0,0,0,0,230,8.3,5.9,5.7,3.4,1.4,3.4,1.5,1.2,0.4,-,4.2,1.5,0.4,0.5,0.1,-,0.2,1,-,-,-,188,8,6.2,5.1,3.9,2.2,2.5,2.8,2.8,1.8,1.3,1.3,0.6,1.2,-,0.1,-,-,0.7,-,-,-,0.4,202,5.7,6.1,4.9,4.5,1.4,-,0.7,2.8,1.3,1,0.8,0.3,0.5,0.7,0.2,-,-,0.8,0.8,1.2,-,235,4.1,1.4,4.3,5.4,2,3.2,0.3,1.2,0.6,2.4,0.2,-,0.8,1.3,0.3,-,0.6,-,-,0.1,-,-
"종사자지위별",일용근로자,0,0,0,0,0,0,0,0,0,0,0,0,0,0,0,0,0,0,0,0,0,0,0,0,0,0,0,0,0,0,0,0,0,0,0,0,0,0,0,0,0,0,0,0,0,0,73,5.9,1.7,4.1,6.9,-,-,1.1,1.8,-,-,0.9,5.4,-,1.1,-,-,-,-,-,-,-,48,8.8,0.6,4.5,6.9,2.6,4.5,2.3,6.2,-,-,2.1,1.3,-,-,-,-,-,-,-,-,-,-,66,10,3.7,9.9,3.5,-,2.5,3,5.7,-,-,-,-,-,-,5.8,-,-,1.1,-,-,-,77,3.2,5.8,4,-,1.9,1.3,6.5,3.2,1.1,0.9,4.9,-,-,1.9,-,-,-,0.7,-,-,-,-
"종사자지위별",고용원이 있는 자영업자,169,13.3,1.5,4.6,0,0.3,0,0.6,3.5,0.4,1,0,0,0,0,0,0,0,1.4,0,0,0,0,144,17.8,0.3,0.3,1.1,1.7,1.3,0,9.3,0,0.3,0,0,0.3,0,0,0.5,2.3,0.2,0,0,0,0,198,9.9,1.8,1.6,-,0.2,-,1.6,3.2,0.9,-,-,-,1.5,0.2,0.5,-,0.1,0.2,-,-,-,233,7,4.1,1.3,1.6,0.4,0.8,0.9,3.5,1,-,-,0.3,0.2,-,-,-,-,1.1,-,-,0.3,-,165,3.7,4.7,3.2,-,1.6,0.8,-,6,0.3,0.2,1.2,1.3,1.3,-,-,0.3,-,-,-,-,-,158,4.4,7.6,2.2,-,4.1,0.6,-,1.1,1,0.3,0.3,-,-,-,-,-,-,-,-,-,-,-
"종사자지위별",고용원이 없는 자영업자,578,17.4,3.8,2,0.4,0.4,0,2.1,6.4,1.4,0.7,0.1,0.2,0.2,1.2,0,0.2,0,2.7,0,0,0,0,748,11.3,1.7,1,1.1,2.1,1.7,0.7,6.7,0.7,0.6,0.4,0.3,0.6,0.5,0,0.1,0,2,0,0,0,0,939,16.5,2.8,2,1.8,1.3,0.7,1.4,3.1,0.2,0.2,0.3,0.2,0.5,0.1,0.2,0,0.2,0.1,-,0.1,-,729,10.6,5.2,1.9,2.3,1.7,1,1.2,3.9,1.2,1.9,0.6,0.1,1,0.4,-,0.3,-,1.7,-,-,-,0.2,577,13.2,3.3,2.7,1.9,1,1.4,1.2,4.2,1.6,1.1,0.2,0.4,0.6,-,0.3,0.1,-,1.5,0.1,-,-,653,8.4,4,2.3,3.5,2.6,1.8,2.9,3.1,2.3,0.7,0.4,0.2,0.8,0.2,0.1,0.2,-,0.2,-,0.1,-,-
"종사자지위별",무급가족종사자,86,5.5,6.5,1.1,0.9,2.5,0,0,0,0,0,1.8,0,1.6,2.9,0,0,0,0,0,0,0,0,58,5.6,1.2,0,6.2,0.3,0.7,0,0,0.8,1.5,0.8,0,0,3.2,0,0,0,0,0,0,1.9,0,109,7.6,2.8,2.5,2.9,0.8,2.6,-,0.5,0.7,1.5,1.5,-,-,-,-,-,-,-,-,-,-,64,2.8,-,-,1.7,-,4.7,-,-,1.3,-,1.2,-,1.4,1.4,-,-,-,-,-,-,-,-,56,3,6.2,5.3,4.4,0.8,3.9,-,2.9,-,8.5,1.7,2.3,1.3,0.6,-,-,-,-,-,-,-,64,3,6.3,2.7,0.4,0.8,7.1,2,2.4,4.6,2,7.8,0.8,-,-,-,-,-,-,-,-,-,-
"종사자지위별",기타종사자,0,0,0,0,0,0,0,0,0,0,0,0,0,0,0,0,0,0,0,0,0,0,0,0,0,0,0,0,0,0,0,0,0,0,0,0,0,0,0,0,0,0,0,0,0,0,27,25,3.2,-,1.6,-,-,1.2,-,-,-,-,-,-,-,-,-,-,-,-,-,-,30,-,-,3.9,-,-,-,-,5.2,-,-,1,-,-,-,-,-,-,4,1.2,-,-,-,18,-,-,-,-,-,-,-,-,5.2,4.9,-,-,-,-,-,3.1,-,-,-,-,-,28,10.9,5.6,6.6,-,-,-,2.9,-,-,-,-,4.1,-,-,-,-,-,-,-,-,-,-
"종사자지위별",해당없음(무직),1749,6.6,4.6,4.7,0.7,1.3,0,0.7,0.3,1.5,1.7,0.3,3.1,0.6,1.1,0,0.3,0.4,0.9,0.3,0.2,0,0.1,1636,3.8,1.5,4.9,1.4,2.1,2,0.4,1.1,1.3,1.1,0.3,3.6,0.5,0.5,0,0,0.3,0.4,0,0.1,0,0.2,1772,5.9,5.2,4.5,1.9,1.3,2.6,0.5,0.6,2,0.9,0.3,0.9,0.8,0.1,1,0.2,0.1,0.4,-,-,0,1675,5,7.4,7.4,2.1,1.2,1.4,0.4,1.1,2.6,1.1,1.5,1.7,0.4,0.6,0.9,0.2,0.3,0.4,0.1,0.1,0.1,0.2,1224,6,5.1,5.1,3.3,1.8,1.7,0.4,1.1,2.9,1,1.1,1.8,1.3,0.2,1,0,0.4,1,-,0.2,0.1,1386,4.6,4.5,5.6,3.6,2.5,3.8,0.8,0.6,1.8,1.1,1.2,0.9,0.9,0.5,0.7,0.3,0.4,0.3,-,-,0.1,-
"종사자지위별",임금.봉급 근로자,2039,8.8,4.5,4.2,0.5,0.6,0,1.8,2.9,1.5,0.7,0.3,1.6,0.5,0.1,0,0.2,0.1,0.6,0.1,0.1,0,0.1,2427,9,1.3,3.5,1,1.8,0.4,1.2,3.6,0.7,0.8,0.8,1.7,0.7,0.2,0,0.1,0,0.6,0,0.1,0.1,0,-,-,-,-,-,-,-,-,-,-,-,-,-,-,-,-,-,-,-,-,-,-,-,-,-,-,-,-,-,-,-,-,-,-,-,-,-,-,-,-,-,-,-,-,-,-,-,-,-,-,-,-,-,-,-,-,-,-,-,-,-,-,-,-,-,-,-,-,-,-,-,-,-,-,-,-,-,-,-,-,-,-,-,-,-,-,-,-,-,-
"가구소득별",100만원 미만,202,8,1,0.6,3.1,1.2,0,0.2,0,2.2,0.2,0,0.3,0,7,0,0.1,0,1.5,0,0,0,0,282,4.5,0.8,1.3,5.8,0.8,5.9,0.7,4.1,0.2,1.4,0.2,0.7,0.3,1.3,0,0,0,1.7,0.1,0,0,0,382,6,1.7,2.5,2.4,0.2,5.8,0.9,0.9,0.8,0.1,0.7,1.2,0.8,1.1,-,-,-,2,-,-,-,290,5.5,3.2,2.7,2.5,2.5,4.4,0.5,2.7,0.8,1.1,0.1,0.2,0.9,4.2,0.1,-,-,0.8,0.6,-,-,-,222,8.1,2,2.2,3.5,0.5,3.2,1.4,1.6,2,-,1.2,1.4,0.7,1.5,-,-,0.8,1.7,-,-,0.3,323,2.8,1.3,4.1,2.4,1.8,6.7,3.1,0.8,1.1,0.1,1.1,0.6,0.7,0.3,-,-,-,0.6,-,-,-,-
"가구소득별",100~200만원,348,14.7,0.7,0.8,0.6,2.1,0,0.8,2.9,1.6,0.6,0.5,0.3,0.1,3.4,0,0,0.3,4.1,0,0,0,0,417,8.6,0.5,1.5,2,3.4,1.5,0.5,2.2,0.8,0.2,0,0,1,1.8,0,0,0,2,0,0,0,0.8,424,10.2,3.4,2.7,1.3,0.8,4.9,2,1.3,1.3,-,0.9,-,0.7,0.2,0.7,-,0.3,0.2,-,-,-,299,11.2,2.1,3.7,1.3,0.8,3.6,1.6,1.8,1.4,0.4,0.2,1.8,0.5,0.3,0.2,-,0.3,1.2,-,-,-,-,265,9.3,4,2.8,1.3,0.4,2.8,0.8,5.5,1.3,1.2,1.1,0.6,0.4,0.2,-,0.2,-,3.4,-,-,-,288,7.2,0.9,3.7,4.6,1.5,5.9,2.4,1.9,2.2,-,0.1,1,0.5,1,-,-,0.7,0.6,0.1,-,-,-
"가구소득별",200~300만원,633,12.3,4.2,4.3,0.2,1.2,0,1.1,2.3,1.3,0.6,0.5,1.9,0.2,0.9,0,0,0,2.6,0,0,0,0,812,8.2,0.5,4.2,2,2.7,2.5,0.9,2.9,0.9,1.2,0.4,1.1,0.6,0.8,0,0,0.5,0.3,0,0,0,0,729,13.3,2.8,4.1,2.5,1.6,2.3,1.5,2.6,0.8,-,0.4,0.3,0.6,0.3,0.8,-,0.1,0.3,-,-,-,581,8.7,6.5,5.1,2.5,1.6,1.9,1.4,2.8,1.3,1.1,0.9,0.4,0.4,0.2,1.1,0,-,1.2,0.1,-,-,-,462,10.1,3.6,6.9,1.3,1.1,1.2,1.2,2.5,2.5,1.2,-,0.4,0.3,0.5,0.3,0.1,0.1,1.4,-,-,-,494,6,3.7,3.8,2.9,3,3.7,2.4,1.5,1.5,0.4,2.2,0.7,1,0.2,0.1,0.3,-,0.3,-,0.2,-,-
"가구소득별",300~400만원,1023,9.6,4.1,6.1,0.5,1.1,0,2.3,3.2,0.6,0.5,0.2,1.8,0.6,0.1,0,0.3,0.3,0.8,0.1,0,0,0.1,1066,7.7,1.7,4.3,1.4,2.3,0.8,1.2,5.1,0.5,0.8,0.3,1.8,0.7,0.3,0,0.1,0,0.5,0,0,0,0.1,973,11.5,4.2,4.1,2.4,3,1,1.1,1.9,1.4,0.6,0.4,0.5,0.6,0.1,0.5,0.2,0.1,0,-,0.1,-,806,6.8,7.2,4.6,2.3,1.9,1.2,1.1,2.1,1.4,0.9,1.9,0.6,0.9,0.3,0.4,0.2,0.1,1.2,-,-,-,0.4,628,9,6.6,5.6,2.6,1.7,1.4,0.6,2.3,3.1,2.1,1.1,1.5,1.2,0.1,0.9,0.6,-,0.6,0.1,-,0.3,686,6.8,5.3,4.6,3.3,2.5,1.4,2.1,1.9,1.4,1.1,0.6,0.2,0.8,0.3,0.5,-,0.7,0.3,-,0.1,0.1,-
"가구소득별",400~500만원,1091,8,5.9,3.8,0.2,0.6,0,1.1,2.3,1.5,1.9,0.2,1.6,0.5,0.4,0,0.4,0.4,0.2,0,0.2,0,0,1117,4.8,2,4.5,0.9,1.6,1.1,0.3,3.6,0.9,1.3,0.6,3.2,0.3,0.1,0,0.1,0,0.6,0,0,0,0,845,8.7,5.9,4,1.3,1.3,1.2,1.1,1.8,1.8,0.9,1,0.4,0.8,-,0.9,0.2,0.2,0.1,0.1,-,0.1,817,5.5,7.2,6.8,1.7,1.1,0.6,1.2,3.2,2.6,1.1,0.6,0.8,0.5,0.1,0.2,0.4,0.1,0.7,-,0.2,0.2,0.2,602,6.9,6.3,6.3,2.8,2,1,0.8,3,1.1,0.5,0.9,1,1.4,-,0.4,-,0.6,0.1,-,0.4,-,719,5.2,4.6,5.9,3.7,2.2,2.2,1.2,1.4,1.7,1.7,0.7,0.6,0.8,0.1,1.3,-,-,0.1,-,-,-,-
"가구소득별",500~600만원,714,7.5,4.6,3.9,0.8,0.7,0,0.7,2.2,1.5,0.7,0.2,2,0.3,0.3,0,0.1,0,0.6,0.6,0,0,0.3,718,9.6,1.6,4.1,0.6,1.7,0.4,0.5,2.6,1.3,0.8,0.4,1.2,0.6,0,0,0.2,0.7,1.1,0,0.1,0,0.1,738,8,4.9,4.7,1.9,0.7,0.3,0.4,1.8,1.3,1.1,0.2,1.4,1.2,-,0.5,0.5,-,0.2,-,-,-,681,4.8,7.9,6.2,2.1,0.5,0.7,1,2.8,2.2,0.8,1.5,1.1,0.5,0.1,0.6,-,0.2,0.1,-,-,-,0.2,579,7.3,5.4,3.3,2.1,1.6,1,0.7,3.8,1.8,1.3,0.7,1.5,1.1,0.3,1.2,-,0.7,0.8,0.2,0.3,-,613,4,6.1,5.2,3.2,2.5,1.2,1.9,1.3,1.6,0.1,0.5,1,0.1,0.7,0.1,0.2,-,-,0.2,-,-,-
"가구소득별",600만원 이상,610,8,3.9,3.8,0.7,0.6,0,1.7,1.5,2,1.7,0.5,3.1,0.9,0,0,0.2,0.1,0.6,0,0.3,0,0,601,10.8,0.7,1.1,0.3,1.2,0.5,1.5,1.5,0.8,0.2,1.4,3.6,0.9,0,0,0.1,0.1,0.3,0,0.2,0.3,0,720,6.5,6.1,4,1.6,0.6,0.6,0.8,1.8,2.5,0.3,-,0.9,0.2,-,0.2,0.1,0.2,0.2,-,-,0.1,927,6,7.4,4.5,1.7,0.8,0.8,0.9,1.5,2.2,0.8,0.3,0.7,0.5,0.3,0.2,0.2,0.1,0.4,0.1,0.1,0.1,0.1,782,6.6,4.7,6,4.2,1.1,0.5,0.4,2.2,2.9,0.8,0.6,1.4,0.5,0.1,0.9,0.1,-,0.5,0.1,0.2,0.2,803,6.2,5.8,3.7,3.2,1.8,1,1.2,1.6,1.3,0.8,0.7,0.4,0.4,0.8,-,0.6,0.3,-,-,-,-,0.1
"지역규모별",대도시,2205,8.9,5.6,4.5,0.7,1.2,0,2,1.7,1.5,1.1,0.5,1.1,0.5,0.3,0,0.2,0.2,0.7,0,0.1,0,0,2315,9.7,1.7,4,0.9,2.3,1.3,1.1,3.3,1,0.7,0.4,1.8,0.7,0.1,0,0.1,0.3,0.8,0,0,0,0.1,1959,9.4,6.3,3.4,1.9,1.3,0.7,0.7,1.7,1.3,0.4,0.4,0.5,0.8,-,0.1,0.3,-,0.3,0,-,0.1,1990,7.1,11.5,5.3,1.6,1,1,1.1,1.9,2.3,0.8,0.7,0.8,0.5,0.3,0.3,0.1,0.1,0.6,0.1,0.1,-,0.2,1629,7.2,8.4,4.9,2.7,1,1.2,0.9,1.8,3.3,0.7,1.1,1.2,1.1,0.2,0.7,0.2,0.2,1,0.1,0.1,0.2,1930,6.4,7.1,4.6,3.3,2.1,1.5,1.6,1.1,1.6,0.7,1.1,0.5,0.6,0.7,0.2,0.1,0.3,0.2,-,-,-,-
"지역규모별",중소도시,1556,9.3,3,3.5,0.5,0.6,0,0.4,2.8,1.3,1.1,0.1,2.8,0.5,0.5,0,0.1,0.1,1,0.4,0.2,0,0.1,1717,5.3,1.1,2.8,1.3,1.8,0.9,0.6,3.3,0.7,1,0.8,2.6,0.4,0.4,0,0.1,0.2,0.6,0,0.1,0.1,0,1640,10,3.9,4.9,1.3,1.3,2.1,1.2,1.4,1.6,0.6,0.6,0.8,0.7,0.1,1,0.2,0.3,0.2,-,0,-,1645,5.5,3.7,5.1,2.5,1.3,1.2,1,2.7,1.8,0.7,1.1,0.9,0.7,0.2,0.4,0.2,0.1,0.3,0.1,0.1,0.1,0.2,1260,8.9,2.4,5.7,2.9,2.3,0.9,0.7,3,1.6,1.2,0.4,1.1,0.7,0.2,0.6,0.1,0.1,0.8,-,0.3,0,1171,5.3,2.9,5.6,3.5,2,2.4,1.3,2,1.6,0.7,0.5,0.5,0.6,0.1,0.8,0.3,0.2,0.1,0.2,-,-,-
"지역규모별",읍면지역,860,9.2,3.9,4.6,0.4,0.6,0,1.5,3.1,1.4,0.9,0,2.4,0.6,1.8,0,0.5,0.2,1.7,0,0,0,0,981,8.2,1,4,2.1,1.1,1.4,0.8,3.2,0.7,0.8,0.4,1.5,0.7,0.9,0,0.1,0,0.8,0,0.1,0,0.2,1212,7.5,2.7,3.5,2.8,1.3,2.2,1.5,2.8,2,0.7,0.3,0.9,0.4,0.4,0.5,-,0.2,0.2,-,0,0.1,766,6.6,1.6,5.2,1.7,1.1,1.8,1.2,2.8,1.4,1.6,0.8,0.6,0.7,0.9,0.5,0.2,-,1.7,-,-,-,0.2,651,7.1,2.8,5,2.4,0.1,1.6,0.4,5.5,1.1,1.7,0.6,1.6,0.8,0.2,1,0.1,0.7,0.6,0.1,-,-,825,3.8,2.4,2.6,3.2,3,3.4,2.7,1.8,1.2,1.2,0.5,1.2,0.4,0.5,0.1,0.4,-,0.3,-,0.1,-,0.1
"권역별",수도권,1812,9.4,3.6,4.4,0.5,0.9,0,1.8,2.2,1.7,1,0.2,2,0.4,0.3,0,0.1,0.1,1.1,0.2,0.2,0,0.1,1777,7.8,0.9,2.1,0.6,0.9,0.6,0.5,2.8,0.6,0.8,0.6,2.5,0.5,0.1,0,0.1,0.3,0.7,0,0.1,0,0.1,1575,9.6,6.4,4.3,1.5,1.7,1.4,0.7,1.2,2,0.6,0.5,1,0.4,0,0.5,0.3,0,0.2,0,-,0,1946,7.7,6.6,5.1,1.9,0.7,0.7,0.7,2.3,2,1.1,0.2,0.8,0.4,0.2,0.4,0.1,0.1,0.4,0.1,0.1,0.1,0.2,1064,9.1,5.2,5.9,2.7,2.1,0.6,0.3,2.7,1.6,1.3,0.6,1.8,0.8,0.3,0.6,0.2,0.4,1.1,0,0.3,0.1,1268,6,6.2,4.7,3.7,2,1.9,1.4,1.2,1.7,0.7,1,0.4,0.5,0.7,0.5,0.3,0.3,0.1,-,-,-,-
"권역별",강원/제주권,329,7,1.4,1.8,0.1,0.9,0,1.2,2.1,1.9,0.7,0.3,0.3,1.2,0.5,0,0,1.7,0,0.5,0,0,0,374,6.4,1.5,6.1,2.1,0.3,1.1,0,4.8,0.8,1.2,0.3,4.3,1.1,0.9,0,0.1,0,1,0,0,0.5,0.5,372,5.6,3.1,4.2,3.1,0.9,1.1,1,3,0.6,0.5,0.6,0.4,0.3,-,0.2,0.1,0.3,0.2,-,-,-,143,7.6,1.4,3.4,1.9,1.4,1.5,0.9,0.4,-,0.5,-,1.3,0.8,-,-,-,-,-,-,-,-,-,357,10.3,0.6,3.9,5.2,0.7,2.1,0.9,4.8,3.1,2.2,0.4,1.2,1.5,0.7,0.5,-,-,1.1,-,-,0.3,342,3.2,0.9,5.3,3.8,7,1.1,2.3,0.9,-,1.2,0.2,0.6,1.2,-,-,-,0.6,0.1,-,-,-,0.4
"권역별",충청/세종권,857,8.7,5.8,2.9,0.9,1.1,0,0.8,3.6,0.9,1.3,0.4,3.8,0.2,0.6,0,0.8,0.2,0.7,0.1,0,0,0,883,6.9,1.4,1.2,2.1,1,1,1.6,3,1.6,0.6,0.7,3.2,0.9,1.4,0,0.1,0,0.8,0,0,0,0.2,800,8.5,7.2,6.5,3.8,0.7,1.8,1.6,3,1.3,0.8,0.6,0.4,2.3,-,1.1,-,0.2,0.2,-,0.1,0.1,378,4.3,5.4,5.3,3,0.4,1,1.2,2.1,0.9,0.9,0.4,0.2,0.5,0.4,0.3,-,-,0.7,0.1,-,-,-,408,8.6,10.7,5.5,4,-,2.2,0.3,2.6,2.8,0.6,0.4,0.4,0.6,-,0.6,0.4,0.2,0.8,-,-,0.2,515,3.6,7.9,2.1,5.5,1.5,3.2,0.9,2.1,1.1,1.9,0.9,2.5,0.9,1,0.9,0.5,-,-,-,0.3,-,-
"권역별",호남권,324,7.3,0.3,0,0,0,0,0,1.3,0,1.9,0.3,2.7,0.1,0,0,0,0,0.6,0,0,0,0,277,6.6,0.7,0,0,0,0.3,0,2.2,0.2,0.3,0,0.5,0,0,0,0.2,0,0.5,0,0.3,0,0,614,10.8,1.9,4,1.5,0.2,1.8,1,1.6,1.2,0.4,0.1,0.2,1,0.6,0.2,0.3,0.4,0.4,-,-,-,404,4.5,0.5,5.4,0.1,1.1,1.7,1.6,3.5,1.3,0.4,0.2,0.9,1.4,1.2,0.2,-,-,1.1,0.1,-,-,-,506,5.3,1,4.2,3,0.4,1.2,0.5,3,1,1.2,0.3,0.8,0.3,-,0.8,-,0.5,1,0.2,-,-,449,4.9,-,7.4,2.8,1.5,3.9,0.7,1.3,2.5,0.5,0.9,0.6,0.3,0.4,0.1,0.4,-,0.5,0.1,0.1,-,-
"권역별",대경권,550,8,12.7,7.2,1.5,1.2,0,0.9,2,1.6,0,1.1,0.2,0.3,2.1,0,0,0.1,0.6,0,0.3,0,0,581,11.1,4.5,1.1,1.9,1.4,1.2,0.5,1.7,1.2,0,0.8,0.3,0,1.3,0,0.2,0,0.5,0,0,0,0,430,8.3,1.7,3.1,1.4,1.3,1.2,1.9,1.6,1.4,0.8,0.3,0.2,0.8,0.1,0.2,-,-,-,-,-,-,570,2.3,15.1,7,1.1,0.1,1.7,0.7,1.8,1.9,0.4,1.9,0.4,0.5,1,0.7,0.3,0.4,1.8,-,-,-,0.3,523,4.5,9,3.8,2.5,0.8,1,1.4,2.7,4.4,0.4,0.2,0.7,1,0.2,1.6,0.2,-,0.2,-,-,-,516,3,4.8,4.5,0.9,1.2,2.6,0.6,1.2,1.4,0.2,0.2,0.4,0.2,0.2,0.2,-,-,0.4,-,0.1,-,-
"권역별",동남권,749,10,3.2,3.9,0.4,0.6,0,0.9,2.6,0.9,1.6,0.2,1.4,1.3,1.2,0,0.4,0.5,1,0.1,0,0,0,1121,7.2,1.3,10.4,2.3,6.5,3,1.8,5.5,1.2,1.5,0.4,1,1,0.1,0,0.1,0.1,0.7,0,0.1,0.1,0.1,1020,9.3,1.2,2,2,1.3,1.8,1.4,2.8,1,0.2,0.5,0.6,0.5,0.3,0.6,-,0.3,0.4,-,0,-,960,7.5,6.8,4.6,2.8,3.1,2,2.1,2.9,2.9,1.1,2.3,0.9,0.7,0.1,0.3,0.4,-,0.7,-,0.2,-,0.2,682,6.8,3.3,5.1,1.8,0.9,2.3,1.8,3.1,2.8,0.5,2.1,0.3,1.2,0.2,0.3,-,-,0.5,0.3,-,0.2,836,7.7,2.9,3.9,3,2.6,1.5,4,2.7,1.3,1,0.4,0.5,0.9,0.1,-,0.1,0.3,0.1,0.2,-,0.1,-
"17개 시도별",서울,720,10.1,4,4,0.5,0.8,0,2.7,1.8,2,1.4,0.4,0.6,0.3,0.3,0,0.3,0.1,0.8,0,0,0,0.1,695,10.3,2,1.5,0.3,0.3,0.6,0.8,2.3,1.1,0.5,0.5,1.7,0.5,0.1,0,0,0.5,1,0,0,0,0.1,609,10.9,5.7,4.1,2.5,1.6,0.2,0.8,0.8,1.9,0.6,0.2,0.3,0.7,-,-,0.5,-,0.3,0.1,-,0.1,691,10.8,1.9,5.7,1.4,0.5,0.5,0.5,1.6,2.9,1.2,-,0.8,0.4,0.5,0.1,0.2,0.2,0.7,0.2,-,-,0.1,355,8.2,2,3.9,3.1,0.8,0.3,-,0.5,3,1,0.3,1.8,1.7,0.3,0.4,0.5,0.2,1.2,-,0.2,0.3,551,6.8,10.4,4.8,3.1,1.8,0.7,1.5,0.6,1.6,0.8,1.7,0.7,0.7,1.4,0.2,0.2,0.4,0.3,-,-,-,-
"17개 시도별",부산,303,10.2,4,1.6,0,0.3,0,1.4,2.1,0.9,1,0.4,1.4,2.4,1.5,0,0.3,1,0.9,0,0,0,0,516,7.3,1.1,12.7,1.9,7.1,3.5,2.9,6.1,0.6,1.5,0,0.7,1.8,0.2,0,0,0,0.8,0,0,0,0,411,9.5,1.7,1.7,2.5,1.2,2.3,0.7,3.4,0.6,0.2,0.7,1.5,-,-,0.4,-,-,0.6,-,-,-,467,5.8,11.2,4.5,1.9,3.4,1.6,3.2,1.8,3.1,0.7,2.2,1.2,0.3,-,0.3,-,-,1.1,-,0.4,-,0.4,310,6.6,2.2,5.5,2.4,1.2,3.4,1.9,1.7,4.9,0.3,2.6,0.2,0.5,-,0.3,-,-,0.7,0.5,-,0.4,319,6.6,4.9,5.6,2.6,3.6,1,4,1.7,1.7,1.2,0.8,-,0.3,-,-,-,0.8,0.2,-,-,0.3,-
"17개 시도별",대구,273,4.3,17.7,7.3,1.4,2.4,0,1.3,1.5,1.6,0,2.2,0,0.3,0.2,0,0,0.3,0,0,0,0,0,298,12.4,4.8,0.7,2,1.7,0.2,0.7,2,1.4,0,0.7,0.3,0,0,0,0.4,0,0.6,0,0,0,0,218,9.9,0.3,3.1,1.2,1.7,0.8,0.2,0.8,1.1,0.4,-,0.2,1.3,0.2,0.4,-,-,-,-,-,-,274,3,23.2,10.1,1,0.1,1.1,0.9,2.1,1.4,-,0.8,0.8,0.5,1,0.9,-,-,1,-,-,-,0.3,283,4.8,15.3,4.2,2.5,1.2,0.7,2.6,1.6,5.4,-,0.4,0.9,1,0.4,2.4,-,-,-,-,-,-,254,4.4,2.9,7.2,0.7,1.7,4.3,0.5,0.6,2.3,0.3,-,-,-,-,0.3,-,-,0.2,-,-,-,-
"17개 시도별",인천,411,8.2,7,8.3,0.9,2.2,0,1.8,1,0.6,1,0,2.7,0,0,0,0,0,0.5,0,0.6,0,0,334,9.4,0,2.1,0,1.2,0.9,0,3.7,0.2,0.6,0,2.2,1.2,0,0,0,0.3,0,0,0,0,0,285,4.7,20.4,2.9,0.2,0.6,0.2,0.5,2.7,1.4,0.2,0.5,-,0.6,-,-,0.4,-,-,-,-,-,276,6,35.2,2.4,1.8,0.3,0.6,0.2,2.7,0.4,0.6,0.4,0.9,0.1,-,0.6,-,0.3,-,-,-,-,-,216,5.3,30.5,5.8,1.2,2,1.2,0.5,5,1.7,1.5,0.8,2.2,0.4,0.6,0.5,0.3,0.4,1.1,0.3,-,-,287,5.4,1.5,3,5.6,2.6,2.9,1.4,1.3,0.9,0.3,0.9,-,0.7,0.2,-,-,-,-,-,-,-,-
"17개 시도별",광주,115,7.2,0.9,0,0,0,0,0,0.5,0,1.4,0,2.1,0.2,0,0,0,0,0.6,0,0,0,0,91,5,0.5,0,0,0,0,0,1.9,0,0,0,0.4,0,0,0,0,0,0.8,0,0,0,0,125,9.2,-,4.5,0.3,-,0.6,0.8,0.7,-,1.4,-,1,-,-,-,0.3,-,-,-,-,-,114,0.7,0.3,5.2,0.4,-,2.7,1,1.4,-,-,0.8,-,2.6,-,-,-,-,-,-,-,-,-,186,6.6,1.4,2.4,4.3,0.4,0.4,-,0.7,1.2,0.6,0.6,0.6,0.5,-,0.6,-,1.5,2.9,-,-,-,135,5.5,-,3.3,1.4,1,-,0.6,2.3,2.2,-,-,-,-,-,-,-,-,-,-,-,-,-
"17개 시도별",대전,260,7.4,5.1,3.3,1.8,1.5,0,1.2,2,1.5,1,0.6,3.3,0.5,0,0,0.2,0,1,0,0,0,0,261,10.3,0.2,1.8,2.5,2.2,2.4,0.3,3.1,2.5,0.7,0.7,7,0.2,0.7,0,0,0,1.3,0.1,0,0,0,238,6.5,10.1,4.1,2.6,2.1,0.7,1.3,3.1,0.7,-,1.3,-,3.8,-,0.6,-,-,0.5,-,-,-,89,6.7,1.3,1.7,4.1,-,-,-,2.4,1,1.5,0.7,-,-,1.1,1.4,-,-,-,-,-,-,-,115,8.6,10.6,8.5,4.3,-,2.9,-,4.4,2.9,-,-,-,-,-,-,-,-,0.3,-,-,0.6,178,4.8,15.3,1,5,3,1,0.9,1.1,0.4,0.7,-,1.3,2.6,0.7,0.7,-,-,-,-,-,-,-
"17개 시도별",울산,152,5.2,1.3,2.7,0.7,1.5,0,0,3.6,2.3,1.1,0,0,0.4,0,0,0,0,1,0,0,0,0,206,7.3,2.9,7,0.5,5.3,1.3,0,3,1,2.6,1.8,2.1,0.6,0,0,0.6,0,0.6,0,0,0.7,0,192,10.4,3,1,-,1.2,1.9,0.8,2,2,-,0.2,-,-,-,-,-,-,0.7,-,-,-,117,10,3.8,7.1,1.3,0.2,1.7,1.3,3.9,8.5,0.5,-,1.4,-,-,-,0.3,-,-,-,-,-,-,158,11.5,8.6,6.9,3.4,0.4,1.9,1.6,3.6,0.7,1.5,5.5,-,1.7,-,0.6,-,-,1.4,-,-,-,232,11.6,0.6,2.3,3.6,1.3,2,2.2,2.3,1.7,0.4,0.4,1.1,-,0.4,-,0.3,-,-,-,-,-,-
"17개 시도별",세종,63,6.8,3.9,0,0,0,0,0,1.6,0,1.4,0,0,3,0,0,0,2.4,0,0,0,0,0,91,4.8,0,0,0.7,0,1.3,0,5.7,0,0,0,10.9,0,1,0,0,0,0,0,0,0,0,109,4.2,9.6,8.7,-,-,2.1,1,1.1,1.9,0.5,-,-,2,-,-,-,-,0.3,-,-,-,21,6.6,-,-,-,-,-,-,-,-,-,-,-,-,-,-,-,-,4.5,-,-,-,-,43,9.7,-,11.8,10.8,-,2.3,-,3.8,1.4,-,-,1.8,-,-,-,-,-,-,-,-,-,71,7.1,15.8,6.6,10.5,-,1.6,-,4.9,-,-,-,1.3,-,-,-,-,-,-,-,-,-,-
"17개 시도별",경기,681,9.1,2.2,3.6,0.3,0.7,0,0.9,2.8,1.7,0.7,0,3,0.5,0.5,0,0,0,1.6,0.3,0.2,0,0.2,748,5.6,0.3,2.5,0.9,1.3,0.6,0.4,3,0.3,1.1,0.9,3.2,0.4,0,0,0.2,0.2,0.6,0,0.1,0.1,0,681,9.6,4.1,4.8,1,2,2.6,0.6,1.1,2.2,0.7,0.7,1.6,0.1,0.1,1,0.2,0.1,0.3,-,-,-,979,6,2,5.3,2.4,0.9,0.9,0.9,2.6,1.9,1.2,0.4,0.9,0.4,0.1,0.6,-,-,0.2,0,0.1,0.2,0.4,493,10.4,1.9,7,2.7,2.8,0.6,0.4,3.5,0.8,1.5,0.7,1.7,0.4,0.2,0.8,-,0.6,1,-,0.5,-,430,5.3,3.3,5.2,3.7,2.1,2.9,1.3,1.8,2,0.6,0.3,0.2,0.2,-,1.1,0.5,0.2,-,-,-,-,-
"17개 시도별",강원,166,6.1,1.9,2.1,0,1.5,0,1.9,2.4,1.6,0.3,0.5,0,0,0.7,0,0,2.2,0,0.4,0,0,0,200,3.9,2,7.2,2.2,0.4,0.8,0,6.3,0.2,1.5,0.4,6.1,0.7,1.5,0,0,0,1.6,0,0,0,0.7,267,5.6,3.6,4,1.9,0.5,0.8,0.9,2.7,0.7,0.6,0.7,0.5,0.4,-,0.2,-,-,0.2,-,-,-,93,6.5,2.2,4.9,2.9,0.9,2.3,0.6,0.6,-,0.7,-,-,1.2,-,-,-,-,-,-,-,-,-,144,3.7,1.2,7.7,3.3,-,2.8,1.5,5.6,-,4,-,1.5,-,0.6,-,-,-,2.1,-,-,0.6,222,3.5,0.5,6,3,7.9,-,3,1.3,-,1.6,0.2,0.6,0.4,-,-,-,0.9,0.2,-,-,-,0.5
"17개 시도별",충북,238,10.7,3,2.7,0.7,1.4,0,0.6,5.4,1.8,1.6,0,6.8,0,1.3,0,0.7,0,0.3,0,0,0,0,274,4.7,3,1.6,0.8,0.7,0,2,2,1.9,0.7,0.8,0.9,0.5,2.2,0,0.2,0,0.9,0,0,0,0.6,288,9.4,6.8,9.7,4.5,0.1,1.7,2.7,3.3,1.7,1.1,0.3,0.3,2.7,-,1.5,-,0.6,0.2,-,0.2,0.4,126,5.8,10.5,7.7,0.6,0.9,0.9,1,2.1,-,0.9,0.5,-,1.7,0.6,-,-,-,1.3,0.3,-,-,-,109,9.1,-,4.9,0.7,-,1,-,4.5,4.1,0.5,-,1.3,1.7,-,2.3,-,0.8,-,-,-,-,175,2.4,3.8,2.2,6.2,-,6.1,0.9,1.6,1.5,2.2,0.4,3.5,-,2.2,1.2,1.3,-,-,-,-,-,-
"17개 시도별",충남,296,8.4,8.4,3.1,0.3,0.7,0,0.7,3.6,0,1.3,0.5,2.5,0,0.6,0,1.4,0.3,0.8,0.3,0,0,0,257,6.1,1,0.5,3.3,0.3,0.7,2.5,3.3,0.6,0.6,0.7,0.9,2.2,1.5,0,0,0,0.3,0,0,0,0,165,10.4,3.9,4.3,5,-,3,0.7,3,1.4,1.5,0.5,0.9,0.3,-,1.3,-,-,-,-,-,-,142,1.2,4.3,6.3,4.9,0.4,1.8,2.3,2.3,1.6,0.6,-,0.5,-,-,-,-,-,-,-,-,-,-,141,8.1,19.5,3,5.4,-,2.5,0.6,-,2.1,1.2,0.9,-,0.3,-,-,1.1,-,1.8,-,-,-,91,2.7,0.8,2.3,3.7,2,2.6,1.1,3.7,1.7,4,3.2,3.1,-,-,1.1,-,-,-,-,1.3,-,-
"17개 시도별",전북,130,3.2,0,0,0,0,0,0,0.7,0,1.8,0,2.7,0,0,0,0,0,0.6,0,0,0,0,99,0.5,0,0,0,0,0,0,3.1,0.4,0.8,0,1,0,0,0,0.4,0,0,0,0,0,0,264,13.4,3.7,5.2,0.3,0.5,3.2,1.8,0.9,0.4,0.3,-,-,1.3,0.9,0.4,-,-,-,-,-,-,139,3.2,1.2,8.9,-,1.8,1.9,3,3.5,3.2,1.1,-,2.6,0.5,0.4,-,-,-,1.2,0.4,-,-,-,154,4.2,-,1.8,2,-,0.7,-,2.8,-,1.1,-,1.2,-,-,-,-,-,-,0.6,-,-,97,2.5,-,2.2,3.7,0.7,0.4,2.5,-,0.9,-,-,-,0.8,-,-,-,-,-,0.3,-,-,-
"17개 시도별",전남,79,13.2,0,0,0,0,0,0,3.2,0,2.5,1.1,3.4,0,0,0,0,0,0.7,0,0,0,0,87,15.2,1.5,0,0,0,0.9,0,1.4,0,0,0,0,0,0,0,0,0,0.8,0,0.8,0,0,225,8.6,0.8,2.1,3.5,-,0.9,-,2.9,2.7,-,0.4,-,1,0.7,-,0.6,1.2,1.2,-,-,-,151,8.7,-,2.3,-,1.3,0.8,0.8,5.1,0.7,-,-,-,1.1,2.8,0.5,-,-,1.9,-,-,-,-,166,4.8,1.6,8.4,2.6,0.9,2.5,1.7,5.7,1.7,2,0.3,0.5,0.5,-,1.8,-,-,-,-,-,-,217,5.4,-,11.7,3.3,2.1,7.4,-,1.2,3.3,1,1.8,1.2,0.3,0.8,0.2,0.8,-,0.9,-,0.2,-,-
"17개 시도별",경북,277,11.7,7.7,7.1,1.5,0,0,0.4,2.4,1.5,0,0,0.5,0.3,4,0,0,0,1.2,0,0.7,0,0,283,9.8,4.1,1.6,1.9,1,2.3,0.4,1.4,1.1,0,0.8,0.2,0,2.7,0,0,0,0.4,0,0,0,0,212,6.7,3.1,3.1,1.5,0.9,1.7,3.6,2.5,1.7,1.2,0.6,0.2,0.3,-,-,-,-,-,-,-,-,296,1.5,7.1,4,1.3,-,2.3,0.4,1.5,2.3,0.7,2.9,-,0.6,1.1,0.4,0.5,0.9,2.6,-,-,-,0.3,240,4.1,1.8,3.4,2.5,0.4,1.4,-,3.9,3.2,0.8,-,0.5,0.9,-,0.6,0.3,-,0.4,-,-,-,262,1.7,6.4,2.1,1.2,0.7,1.1,0.8,1.8,0.6,-,0.4,0.7,0.4,0.3,-,-,-,0.6,-,0.2,-,-
"17개 시도별",경남,294,11.1,2.8,6.6,0.7,0.5,0,0.5,2.8,0.6,2.3,0,1.9,0.5,1.3,0,0.7,0,1.1,0.2,0,0,0,399,7,1.2,8.6,3.4,5.9,3,1,5.5,1.9,1.2,0.4,0.9,0.1,0,0,0,0.3,0.6,0,0.2,0,0.2,417,8.8,0.3,2.6,2.1,1.5,1.3,2.3,2.5,1.1,0.3,0.4,-,1.1,0.6,1.1,-,0.7,0.1,-,0.1,-,376,8.9,2.4,4.1,4.4,3.6,2.5,0.9,3.9,0.9,1.8,3.2,0.5,1.4,0.3,0.3,0.8,-,0.6,-,-,-,-,214,5.2,2.7,3.8,0.3,0.8,0.9,1.6,4.7,0.6,0.4,-,0.6,2,0.6,0.3,-,-,-,-,-,-,285,6.9,1.8,2.8,3.1,2.2,1.7,4.8,3.9,0.8,1.1,-,0.7,2,-,-,-,-,-,0.6,-,-,-
"17개 시도별",제주,163,8.6,0.5,1.1,0.3,0,0,0,1.5,2.3,1.5,0,0.8,3.3,0,0,0,0.8,0,0.5,0,0,0,174,11.2,0.5,3.9,1.9,0,1.7,0,1.8,1.9,0.7,0.2,0.8,1.8,0,0,0.4,0,0,0,0,1.4,0,105,5.5,1.1,5,7.8,2.7,2.4,1.2,4.4,-,-,-,-,-,-,-,0.6,1.4,-,-,-,-,50,9.7,-,0.6,-,2.5,-,1.7,-,-,-,-,3.7,-,-,-,-,-,-,-,-,-,-,213,17,-,-,7.1,1.5,1.4,0.4,3.9,6.3,0.3,0.8,0.9,3.1,0.9,0.9,-,-,-,-,-,-,120,2.4,2.1,3.4,6.2,4.4,4.1,0.5,-,-,-,-,0.7,3.5,-,-,-,-,-,-,-,-,-
"장애여부별",장애등록,0,0,0,0,0,0,0,0,0,0,0,0,0,0,0,0,0,0,0,0,0,0,0,54,15.5,0,0,3.2,0.9,1.4,1.2,0.7,4.4,0,2.6,0,0,0,0,0,0,0,0,0,0,0,65,14.9,2.1,1.6,1.6,-,1.2,1.3,-,3.2,-,-,2.5,-,-,-,-,-,2.5,-,-,-,77,2.3,6.6,1.2,1,-,-,2,7.9,0.7,-,3.6,-,-,1,-,-,-,-,-,-,-,1.2,53,10.7,-,7.2,-,-,3.4,0.9,2.1,3.2,-,0.9,3.2,-,-,-,-,-,1.1,-,-,-,38,0.9,0.7,-,-,1.8,2,2.5,-,-,-,-,-,6.7,-,-,-,-,-,-,-,-,-
"장애여부별",미등록,0,0,0,0,0,0,0,0,0,0,0,0,0,0,0,0,0,0,0,0,0,0,0,53,9.5,0,7.2,0,6,0.5,0,5.4,0,2,0.8,0,0,1.8,0,0,0,0,0,0,0,0,20,-,-,3.2,6.1,-,6.5,-,19.9,-,-,-,-,-,-,-,-,-,-,-,-,-,71,18.3,4.6,-,1.4,3.5,-,1.6,6.3,0.5,1.4,-,-,0.6,-,1.7,-,-,-,-,-,-,-,52,2.9,1.4,8.5,4.2,-,-,-,6.1,-,-,0.9,-,2.8,-,2.2,-,-,1.7,-,-,-,35,5.2,6.7,2.7,10.2,-,0.6,4.5,-,-,-,7.1,-,2.8,-,-,-,0.7,-,-,-,-,-
"장애여부별",해당사항없음,0,0,0,0,0,0,0,0,0,0,0,0,0,0,0,0,0,0,0,0,0,0,0,4906,7.7,1.4,3.5,1.2,1.9,1.2,0.8,3.3,0.8,0.9,0.5,2.1,0.6,0.3,0,0.1,0.2,0.7,0,0.1,0.1,0.1,4726,9.2,4.7,4,1.9,1.3,1.5,1,1.8,1.6,0.6,0.5,0.7,0.7,0.1,0.5,0.2,0.1,0.2,0,0,0,4253,6.2,6.9,5.4,2,1.1,1.3,1.1,2.2,2,0.9,0.9,0.8,0.6,0.4,0.4,0.2,0.1,0.7,0.1,0.1,0.1,0.2,3435,7.9,5.3,5.1,2.8,1.4,1.2,0.7,2.8,2.3,1.1,0.7,1.2,0.9,0.2,0.7,0.2,0.3,0.8,0.1,0.2,0.1,3853,5.6,4.9,4.6,3.3,2.3,2.1,1.7,1.6,1.6,0.8,0.7,0.6,0.5,0.5,0.4,0.2,0.2,0.2,0.1,-,-,-
"근무 형태",전일제,-,-,-,-,-,-,-,-,-,-,-,-,-,-,-,-,-,-,-,-,-,-,-,-,-,-,-,-,-,-,-,-,-,-,-,-,-,-,-,-,-,-,-,-,-,-,-,-,-,-,-,-,-,-,-,-,-,-,-,-,-,-,-,-,-,-,-,-,-,-,-,-,-,-,-,-,-,-,-,-,-,-,-,-,-,-,-,-,-,-,-,-,-,-,-,-,-,-,-,-,-,-,-,-,-,-,-,-,-,-,-,-,-,1720,6.2,5.9,4.3,3.4,2.2,0.9,2.1,1.7,1,0.6,0.6,0.5,0.4,0.5,0.2,0.1,0.1,-,-,0.1,-,-
"근무 형태",교대제,-,-,-,-,-,-,-,-,-,-,-,-,-,-,-,-,-,-,-,-,-,-,-,-,-,-,-,-,-,-,-,-,-,-,-,-,-,-,-,-,-,-,-,-,-,-,-,-,-,-,-,-,-,-,-,-,-,-,-,-,-,-,-,-,-,-,-,-,-,-,-,-,-,-,-,-,-,-,-,-,-,-,-,-,-,-,-,-,-,-,-,-,-,-,-,-,-,-,-,-,-,-,-,-,-,-,-,-,-,-,-,-,-,123,4.8,0.2,8,0.6,0.8,1.4,1.1,1.9,6.4,1.7,-,-,1.1,-,0.3,-,-,-,1.4,-,-,-
"근무 형태",시간 선택제,-,-,-,-,-,-,-,-,-,-,-,-,-,-,-,-,-,-,-,-,-,-,-,-,-,-,-,-,-,-,-,-,-,-,-,-,-,-,-,-,-,-,-,-,-,-,-,-,-,-,-,-,-,-,-,-,-,-,-,-,-,-,-,-,-,-,-,-,-,-,-,-,-,-,-,-,-,-,-,-,-,-,-,-,-,-,-,-,-,-,-,-,-,-,-,-,-,-,-,-,-,-,-,-,-,-,-,-,-,-,-,-,-,170,3.4,3.2,1.6,2.9,-,1.6,1,0.8,0.4,2.1,0.3,0.3,1,1.7,0.4,-,-,0.9,-,-,-,-
"근무 형태",해당 없음,-,-,-,-,-,-,-,-,-,-,-,-,-,-,-,-,-,-,-,-,-,-,-,-,-,-,-,-,-,-,-,-,-,-,-,-,-,-,-,-,-,-,-,-,-,-,-,-,-,-,-,-,-,-,-,-,-,-,-,-,-,-,-,-,-,-,-,-,-,-,-,-,-,-,-,-,-,-,-,-,-,-,-,-,-,-,-,-,-,-,-,-,-,-,-,-,-,-,-,-,-,-,-,-,-,-,-,-,-,-,-,-,-,527,6.9,4,3.2,3.3,2.5,2.1,3.2,3.5,1.6,0.2,0.6,0.3,0.2,0.2,0.1,0.8,0.2,0.1,-,-,-,0.1
"유연 근무제 여부",시행,-,-,-,-,-,-,-,-,-,-,-,-,-,-,-,-,-,-,-,-,-,-,-,-,-,-,-,-,-,-,-,-,-,-,-,-,-,-,-,-,-,-,-,-,-,-,-,-,-,-,-,-,-,-,-,-,-,-,-,-,-,-,-,-,-,-,-,-,-,-,-,-,-,-,-,-,-,-,-,-,-,-,-,-,-,-,-,-,-,-,-,-,-,-,-,-,-,-,-,-,-,-,-,-,-,-,-,-,-,-,-,-,-,219,6.7,3.8,3.2,6.5,2.3,-,1,0.3,1.1,-,-,1.1,0.6,-,0.1,-,-,-,-,-,-,-
"유연 근무제 여부",미시행,-,-,-,-,-,-,-,-,-,-,-,-,-,-,-,-,-,-,-,-,-,-,-,-,-,-,-,-,-,-,-,-,-,-,-,-,-,-,-,-,-,-,-,-,-,-,-,-,-,-,-,-,-,-,-,-,-,-,-,-,-,-,-,-,-,-,-,-,-,-,-,-,-,-,-,-,-,-,-,-,-,-,-,-,-,-,-,-,-,-,-,-,-,-,-,-,-,-,-,-,-,-,-,-,-,-,-,-,-,-,-,-,-,1233,6,5.8,5,2.2,1.2,1.3,2.4,2.3,1.3,0.7,0.7,0.5,0.5,0.6,0.1,0.4,0.2,0.1,0.1,-,-,-
"유연 근무제 여부",해당 없음,-,-,-,-,-,-,-,-,-,-,-,-,-,-,-,-,-,-,-,-,-,-,-,-,-,-,-,-,-,-,-,-,-,-,-,-,-,-,-,-,-,-,-,-,-,-,-,-,-,-,-,-,-,-,-,-,-,-,-,-,-,-,-,-,-,-,-,-,-,-,-,-,-,-,-,-,-,-,-,-,-,-,-,-,-,-,-,-,-,-,-,-,-,-,-,-,-,-,-,-,-,-,-,-,-,-,-,-,-,-,-,-,-,1088,6,4.4,3.2,3.7,3,1.5,2.3,2.1,1.5,0.8,0.5,0.1,0.3,0.4,0.3,-,0.1,0.1,-,0.1,-,0.1
